id	ko	status	note
ADV.0066	아직 리치는 이르군.|좀 더 지켜봐도 좋지 않나.	draft	
ADV.0067	더 이상 손이 커질|여지는 없는가?	draft	
ADV.0068	무리한 리치로 경계받는 건|피하는 게 좋을 것이다.	draft	
ADV.0069	쓸데없는 리치는|피하는 게 무난할 것이다.	draft	
ADV.0070	여기선 리치를|걸어도 상관없다.	draft	
ADV.0071	여기서의 리치는|꽤 효과적이군.	draft	
ADV.0072	흠, 흐름이 온다고 본다면|리치도 좋겠지.	draft	
ADV.0073	흐름이 왔다고 생각한다면|리치도 상관없겠지.	draft	
ADV.0074	울기가 좀 너무|이른 것 같군.	draft	
ADV.0075	손패를 잘 보고|냉정하게 치거라.	draft	
ADV.0076	화료하기 쉽도록|손패를 정리해 나가거라.	draft	
ADV.0077	이제는 쯔모패에|달렸다고 할까.	draft	
ADV.0078	쯔모 운이 제법 강하군.|자, 화료해 볼까.	draft	
ADV.0079	쯔모 운이 제법 강하군.|자, 화료해 볼까.	draft	
ADV.0080	위태로웠지만|어떻게든 왔군.	draft	
ADV.0081	화료다.	draft	
ADV.0082	아슬아슬하지만 나왔군.|좋아, 화료다.	draft	
ADV.0083	앞으로의 전개를 생각한다면|퐁해도 상관없겠지.	draft	
ADV.0084	형식텐파이를 노리는 거지?|그렇다면 퐁해야 한다.	draft	
ADV.0085	치를 하면 화료의 형태가|보이는 것이겠지?	draft	
ADV.0086	형식텐파이를 노린다면|치하는 게 옳을 것이다.	draft	
ADV.0087	여기선 안깡을 해야겠지.	draft	
ADV.0088	이제는 오직 쯔모할 뿐!	draft	
ADV.0089	남은 패가 적더라도|올 때는 꼭 오는 법이다.	draft	
ADV.0090	돌려 치며 나아간다.|이것이 기본이겠지.	draft	
ADV.0091	스지패 확인을|게을리하지 말거라.	draft	
ADV.0092	되도록 안전패를 골라|버려 나가거라.	draft	
ADV.0093	여기선 확실히 오리거라.|방총하는 것보다 낫겠지?	draft	振り込む=방총
ADV.0094	역패를 노려 빠른 화료로|가는 것도 한 방법이겠지.	draft	
ADV.0095	화료에만 집중해|나가 볼까.	draft	
ADV.0096	어쨌든 화료를 목표로 한다.	draft	
ADV.0097	높은 손을 노려 가겠다.	draft	
ADV.0098	늘 다음 손패 상태를|예상하며 치거라.	draft	
ADV.0099	자기 역에만 너무 몰두해|다른 사람 손을 오판 마라.	draft	
ADV.0100	손패 흐름대로 가 볼까.	draft	
ADV.0101	갖춰진 멘쯔도 때로는|깨야 함을 잊지 마라.	draft	
ADV.0102	흠. 빠른 화료를|노려 볼 텐가?	draft	
ADV.0103	대체 이 손패 상태는|어찌 된 일인가?	draft	
ADV.0104	주위 상황을 보며|냉정하게 쳐 나가거라.	draft	
ADV.0105	이 멘쯔를 어떻게 할지|잘 생각해라.	draft	
ADV.0106	쯔모가 나쁜 것인가?	draft	
ADV.0107	여기선 안전패를 버리고|수비로 갈 수밖에 없군.	draft	
ADV.0108	잘 생각하고 치거라.	draft	
ADV.0109	슌쯔로 대기를 늘리거나|커쯔를 머리로 써도 좋다.	draft	
ADV.0110	역 상태에 따라서는|오리는 것도 생각해 두거라.	draft	
ADV.0111	물러설 곳이 없으니|무리하는 건 그만둬라.	draft	
ADV.0112	여기선 곧장 화료하겠다.	draft	
ADV.0113	받을 패를 넓혀 대비하거라.	draft	
ADV.0114	조금만 더인데 어쩔 텐가?|오리기엔 아직 이르지 않나?	draft	
ADV.0115	오릴지는 너에게 달렸다.|운에 거는 것도 재미겠지.	draft	
ADV.0116	여기선 잠자코|기다릴 수밖에 없군.	draft	
ADV.0117	왜 이리 되었는지|잘 생각해 봐야 한다.	draft	
ADV.0118	역을 만들지 않으면|화료할 수 없다.	draft	
ADV.0119	역을 만들지 않으면|화료할 수 없다.	draft	
ADV.0120	오리는 편이 안전할지도|모르겠군.	draft	
ADV.0121	이제는 오릴 수밖에 없군.	draft	
ADV.0122	아직 초반이지만,|화료하겠는가?	draft	
ADV.0123	화료해라.	draft	
ADV.0124	국사를 노리는 것도|재미있을지 모르겠군.	draft	
ADV.0125	국사 노림은 그만둬라.	draft	
ADV.0126	여기선 퐁하지 않는 게|현명하겠군.	draft	
ADV.0127	형식텐파이 노림이 아니면|퐁하지 않는 게 현명하겠지.	draft	
ADV.0128	여기선 치하지 않는 게|좋겠지.	draft	
ADV.0129	이제 와서 치해서|어쩔 셈인가?	draft	
ADV.0130	울어서 도라를 늘리려는가?|그것뿐이면 별 의미 없다.	draft	
ADV.0131	울지 않는 게 좋겠지.	draft	
