# glyph	tile_code	char	note  (original JP font, glyph n -> code (n//512)<<11 | ((n%512)//8)*32 + (n%8)*2)
0	0000	 	
1	0002	あ	
2	0004	い	
3	0006	う	
4	0008	え	
5	000A	お	
6	000C	か	
7	000E	き	
8	0020	く	
9	0022	け	
10	0024	こ	
11	0026	さ	
12	0028	し	
13	002A	す	
14	002C	せ	
15	002E	そ	
16	0040	た	
17	0042	ち	
18	0044	つ	
19	0046	て	
20	0048	と	
21	004A	な	
22	004C	に	
23	004E	ぬ	
24	0060	ね	
25	0062	の	
26	0064	は	
27	0066	ひ	
28	0068	ふ	
29	006A	へ	
30	006C	ほ	
31	006E	ま	
32	0080	み	
33	0082	む	
34	0084	め	
35	0086	も	
36	0088	や	
37	008A	ゆ	
38	008C	よ	
39	008E	ら	
40	00A0	り	
41	00A2	る	
42	00A4	れ	
43	00A6	ろ	
44	00A8	わ	
45	00AA	を	
46	00AC	ん	
47	00AE	が	
48	00C0	ぎ	
49	00C2	ぐ	
50	00C4	げ	
51	00C6	ご	
52	00C8	ざ	
53	00CA	じ	
54	00CC	ず	
55	00CE	ぜ	
56	00E0	ぞ	
57	00E2	だ	
58	00E4	ぢ	
59	00E6	づ	
60	00E8	で	
61	00EA	ど	
62	00EC	ば	
63	00EE	び	
64	0100	ぶ	
65	0102	べ	
66	0104	ぼ	
67	0106	ぱ	
68	0108	ぴ	
69	010A	ぷ	
70	010C	ぺ	
71	010E	ぽ	
72	0120	ぁ	
73	0122	ぃ	
74	0124	ぅ	
75	0126	ぇ	
76	0128	ぉ	
77	012A	ゃ	
78	012C	ゅ	
79	012E	ょ	
80	0140	っ	
81	0142	ア	
82	0144	イ	
83	0146	ウ	
84	0148	エ	
85	014A	オ	
86	014C	カ	
87	014E	キ	
88	0160	ク	
89	0162	ケ	
90	0164	コ	
91	0166	サ	
92	0168	シ	
93	016A	ス	
94	016C	セ	
95	016E	ソ	
96	0180	タ	
97	0182	チ	
98	0184	ツ	
99	0186	テ	
100	0188	ト	
101	018A	ナ	
102	018C	ニ	
103	018E	ヌ	
104	01A0	ネ	
105	01A2	ノ	
106	01A4	ハ	
107	01A6	ヒ	
108	01A8	フ	
109	01AA	ヘ	
110	01AC	ホ	
111	01AE	マ	
112	01C0	ミ	
113	01C2	ム	
114	01C4	メ	
115	01C6	モ	
116	01C8	ヤ	
117	01CA	ユ	
118	01CC	ヨ	
119	01CE	ラ	
120	01E0	リ	
121	01E2	ル	
122	01E4	レ	
123	01E6	ロ	
124	01E8	ワ	
125	01EA	ヲ	
126	01EC	ン	
127	01EE	ガ	
128	0200	ギ	
129	0202	グ	
130	0204	ゲ	
131	0206	ゴ	
132	0208	ザ	
133	020A	ジ	
134	020C	ズ	
135	020E	ゼ	
136	0220	ゾ	
137	0222	ダ	
138	0224	ヂ	
139	0226	ヅ	
140	0228	デ	
141	022A	ド	
142	022C	バ	
143	022E	ビ	
144	0240	ブ	
145	0242	ベ	
146	0244	ボ	
147	0246	パ	
148	0248	ピ	
149	024A	プ	
150	024C	ペ	
151	024E	ポ	
152	0260	ァ	
153	0262	ィ	
154	0264	ゥ	
155	0266	ェ	
156	0268	ォ	
157	026A	ャ	
158	026C	ュ	
159	026E	ョ	
160	0280	ッ	
161	0282	ー	
162	0284	0	
163	0286	1	
164	0288	2	
165	028A	3	
166	028C	4	
167	028E	5	
168	02A0	6	
169	02A2	7	
170	02A4	8	
171	02A6	9	
172	02A8	?	
173	02AA	!	
174	02AC	、	
175	02AE	。	
176	02C0	…	
177	02C2	/	
178	02C4	)	uncertain
179	02C6	{10}	
180	02C8	{11}	
181	02CA	{12}	
192	0300	段	
193	0302	位	
194	0304	審	
195	0306	査	
196	0308	大	
197	030A	会	
198	030C	第	
199	030E	節	
200	0320	未	
201	0322	登	
202	0324	録	
203	0326	消	
204	0328	去	
205	032A	対	
206	032C	局	
207	032E	月	
208	0340	例	
209	0342	麻	
210	0344	雀	
211	0346	指	
212	0348	南	
213	034A	状	
214	034C	態	
215	034E	終	
216	0360	了	
217	0362	塔	
218	0364	声	
219	0366	電	
220	0368	源	
221	036A	切	
222	036C	下	
223	036E	半	
224	0380	荘	
225	0382	数	
226	0384	立	
227	0386	直	
228	0388	副	
229	038A	落	
230	038C	倍	
231	038E	木	uncertain
232	03A0	放	
233	03A2	銃	
234	03A4	流	
235	03A6	一	
236	03A8	二	
237	03AA	三	
238	03AC	四	
239	03AE	五	
240	03C0	六	
241	03C2	七	
242	03C4	八	
243	03C6	九	
244	03C8	十	
245	03CA	跳	
246	03CC	元	
247	03CE	小	
248	03E0	喜	
249	03E2	字	
250	03E4	色	
251	03E6	清	
252	03E8	老	
253	03EA	頭	
254	03EC	国	
255	03EE	士	
256	0400	無	
257	0402	双	
258	0404	天	
259	0406	和	
260	0408	地	
261	040A	暗	
262	040C	刻	
263	040E	緑	
264	0420	槓	
265	0422	子	
266	0424	連	
267	0426	宝	
268	0428	燈	
269	042A	杯	
270	042C	初	
271	042E	春	
272	0440	如	
273	0442	桜	
274	0444	卯	
275	0446	梟	
276	0448	氷	
277	044A	海	
278	044C	夕	
279	044E	秋	
280	0460	鳳	
281	0462	紅	
282	0464	葉	
283	0466	神	
284	0468	楽	
285	046A	暮	
286	046C	古	
287	046E	回	
288	0480	師	
289	0482	範	
290	0484	代	
291	0486	錦	
292	0488	振	
293	048A	龍	
294	048C	造	
295	048E	虎	
296	04A0	ヶ	
297	04A2	谷	
298	04A4	宗	
299	04A6	明	
300	04A8	白	
301	04AA	馬	
302	04AC	由	
303	04AE	貴	
304	04C0	蛇	
305	04C2	ノ	
306	04C4	原	
307	04C6	広	
308	04C8	次	
309	04CA	根	
310	04CC	津	
311	04CE	満	
312	04E0	彦	
313	04E2	城	
314	04E4	隼	
315	04E6	雄	
316	04E8	瀧	
317	04EA	澤	
318	04EC	亀	
319	04EE	猪	
320	0500	底	
321	0502	鉄	
322	0504	兵	
323	0506	猿	
324	0508	田	
325	050A	秀	
326	050C	牛	
327	050E	尾	
328	0520	陽	
329	0522	郎	
330	0524	犬	
331	0526	坂	
332	0528	佳	
333	052A	乃	
334	052C	楠	
335	052E	羊	
336	0540	介	
337	0542	熊	
338	0544	楞	uncertain
339	0546	信	
340	0548	太	
341	054A	金	
342	054C	森	
343	054E	音	
344	0560	宇	
345	0562	佐	
346	0564	美	
347	0566	穂	
348	0568	道	
349	056A	場	
350	056C	内	
351	056E	最	
352	0580	強	
353	0582	呼	
354	0584	河	
355	0586	時	
356	0588	気	
357	058A	手	
358	058C	堅	
359	058E	歩	
360	05A0	適	
361	05A2	打	
362	05A4	方	
363	05A6	確	
364	05A8	実	
365	05AA	勝	
366	05AC	利	
367	05AE	読	
368	05C0	向	
369	05C2	攻	
370	05C4	撃	
371	05C6	的	
372	05C8	特	
373	05CA	役	
374	05CC	組	
375	05CE	況	
376	05E0	把	
377	05E2	握	
378	05E4	上	
379	05E6	翻	
380	05E8	多	
381	05EA	作	
382	05EC	狙	
383	05EE	貫	
384	0600	以	
385	0602	易	
386	0604	好	
387	0606	安	
388	0608	分	
389	060A	他	
390	060C	者	
391	060E	速	
392	0620	親	
393	0622	力	
394	0624	発	
395	0626	揮	
396	0628	自	
397	062A	込	
398	062C	極	
399	062E	端	
400	0640	嫌	
401	0642	防	
402	0644	御	
403	0646	壊	
404	0648	集	
405	064A	中	
406	064C	北	
407	064E	止	
408	0660	続	
409	0662	引	
410	0664	鳴	
411	0666	牌	
412	0668	必	
413	066A	頼	
414	066C	門	
415	066E	前	
416	0680	絶	
417	0682	性	
418	0684	欠	
419	0686	即	
420	0688	運	
421	068A	魚	uncertain
422	068C	感	
423	068E	筋	
424	06A0	悪	
425	06A2	嶺	uncertain
426	06A4	徴	uncertain
427	06A6	際	
428	06A8	本	
429	06AA	来	
430	06AC	生	
431	06AE	恐	
432	06C0	変	
433	06C2	見	
434	06C4	何	
435	06C6	待	
436	06C8	困	
437	06CA	知	
438	06CC	面	
439	06CE	思	
440	06E0	言	
441	06E2	花	
442	06E4	心	
443	06E6	有	
444	06E8	槍	
445	06EA	喰	
446	06EC	断	
447	06EE	么	
448	0700	全	
449	0702	不	
450	0704	聴	
451	0706	輪	
452	0708	目	
453	070A	西	
454	070C	入	
455	070E	摸	uncertain
456	0720	平	
457	0722	縛	
458	0724	設	
459	0726	焼	
460	0728	鳥	
461	072A	裏	
462	072C	仮	
463	072E	東	
464	0740	残	
465	0742	符	
466	0744	点	
467	0746	計	
468	0748	定	
469	074A	期	
470	074C	開	
471	074E	今	
472	0760	結	
473	0762	果	
474	0764	認	
475	0766	取	
476	0768	得	
477	076A	真	
478	076C	伝	
479	076E	授	
480	0780	黙	
481	0782	教	
482	0784	人	
483	0786	々	
484	0788	導	
485	078A	足	
486	078C	精	
487	078E	進	
488	07A0	要	
489	07A2	優	
490	07A4	受	
491	07A6	泰	uncertain
492	07A8	聞	
493	07AA	良	
494	07AC	家	
495	07AE	忘	
496	07C0	収	
497	07C2	努	
498	07C4	誰	
499	07C6	苦	
500	07C8	労	
501	07CA	望	
502	07CC	蓮	uncertain
503	07CE	私	
504	07E0	合	
505	07E2	少	
506	07E4	緒	
507	07E6	勉	uncertain
508	07E8	通	
509	07EA	負	
510	07EC	事	
511	07EE	効	
512	0800	率	
513	0802	意	
514	0804	者	
515	0806	高	
516	0808	敗	
517	080A	減	
518	080C	参	
519	080E	考	
520	0820	程	
521	0822	度	
522	0824	持	
523	0826	示	
524	0828	始	
525	082A	量	
526	082C	基	
527	082E	忠	uncertain
528	0840	僕	
529	0842	置	
530	0844	華	
531	0846	味	
532	0848	単	
533	084A	純	
534	084C	決	
535	084E	貧	uncertain
536	0860	先	
537	0862	身	
538	0864	盃	uncertain
539	0866	口	
540	0868	周	
541	086A	順	
542	086C	混	
543	086E	帯	
544	0880	常	
545	0882	足	
546	0884	圧	
547	0886	扱	
548	0888	囲	
549	088A	達	
550	088C	因	
551	088E	応	
552	08A0	加	
553	08A2	可	
554	08A4	過	
555	08A6	戒	
556	08A8	外	
557	08AA	掛	
558	08AC	間	
559	08AE	危	
560	08C0	興	
561	08C2	禁	
562	08C4	近	
563	08C6	傾	
564	08C8	形	
565	08CA	経	
566	08CC	普	
567	08CE	警	
568	08E0	協	
569	08E2	検	
570	08E4	賢	
571	08E6	険	
572	08E8	元	
573	08EA	原	
574	08EC	技	
575	08EE	限	
576	0900	機	
577	0902	固	
578	0904	己	
579	0906	後	
580	0908	誤	
581	090A	効	
582	090C	向	
583	090E	離	
584	0920	急	
585	0922	行	
586	0924	合	
587	0926	細	
588	0928	兼	
589	092A	算	
590	092C	仕	
591	092E	使	
592	0940	至	
593	0942	曲	
594	0944	式	
595	0946	執	
596	0948	実	
597	094A	捨	
598	094C	弱	
599	094E	受	
600	0960	出	
601	0962	丈	
602	0964	心	
603	0966	突	
604	0968	針	
605	096A	据	
606	096C	静	
607	096E	石	
608	0980	専	
609	0982	選	
610	0984	然	
611	0986	素	
612	0988	想	
613	098A	早	
614	098C	相	
615	098E	走	
616	09A0	増	
617	09A2	揃	
618	09A4	妥	
619	09A6	駄	
620	09A8	体	
621	09AA	耐	
622	09AC	題	
623	09AE	説	
624	09C0	遅	
625	09C2	注	
626	09C4	調	
627	09C6	低	
628	09C8	提	
629	09CA	展	
630	09CC	度	
631	09CE	当	
632	09E0	討	
633	09E2	動	
634	09E4	突	uncertain
635	09E6	難	
636	09E8	日	
637	09EA	念	
638	09EC	能	
639	09EE	配	
640	0A00	判	
641	0A02	番	
642	0A04	盤	
643	0A06	避	
644	0A08	夫	
645	0A0A	複	
646	0A0C	物	
647	0A0E	崩	
648	0A20	法	
649	0A22	腕	
650	0A24	夢	
651	0A26	冷	
652	0A28	迷	
653	0A2A	流	
654	0A2C	問	
655	0A2E	理	
656	0A40	裕	
657	0A42	予	
658	0A44	余	
659	0A46	様	
660	0A48	抑	
661	0A4A	話	
662	0A4C	正	
663	0A4E	則	
664	0A60	耳	
665	0A62	俺	
666	0A64	迫	
667	0A66	志	
668	0A68	総	
