jp	ko	note
リーチ	리치	立直도 동일
立直	리치
ツモ	쯔모
ロン	론
ポン	퐁
チー	치
カン	깡	暗カン=안깡, 明カン=명깡
暗カン	안깡
ドラ	도라
裏ドラ	뒷도라
槓ドラ	깡도라
テンパイ	텐파이	テンパる=텐파이하다
形式テンパイ	형식텐파이
ノーテン	노텐
フリテン	후리텐
ダマテン	다마텐	리치 없이 텐파이 유지
オリ	베타오리	オリる=오리다(내리다) 문맥에 따라 '오리다'
ツッパ	밀어붙이기	ツッパる=밀어붙이다
メンツ	멘쯔
順子	슌쯔
刻子	커쯔
雀頭	머리	'작두' 대신 흔히 쓰는 '머리'
面子	멘쯔
手牌	손패
手役	역	手役作り=역 만들기
役	역
役牌	역패
役満	역만
満貫	만관
跳満	하네만
倍満	배만
三倍満	삼배만
一発	일발
平和	핑후
自摸平和	쯔모핑후
喰い断么	쿠이탕
断么九	탕야오
一気通貫	일기통관
国士無双	국사무쌍
国士	국사
嶺上開花	영상개화
門前	멘젠
仕掛け	울기	鳴き=울기
鳴き	울기
副露	후로
安全牌	안전패
安牌	안패
危険牌	위험패
スジ	스지
スジ牌	스지패
他家	다른 사람	'타가' 대신 자연스러운 표현
親	오야
子	자
早和がり	빠른 화료
和がる	화료하다	'오르다' 대신 '화료'
和がり	화료
流局	유국
東場	동장
南場	남장
荘	장	半荘=반장, 東風戦=동풍전
半荘	반장
点棒	점봉
符	부
翻	판
段位	단위
師範代	사범대리
段位審査	단위 심사
月例大会	월례 대회
麻雀指南	마작지남
インストラクター	인스트럭터
雀士	작사
振り込む	방총하다	放銃. 名詞は 방총
放銃	방총
