# Title logo OBJ layout (OAM at title screen, 16x16 sprites, OBJ palette 2/0 identical). x	y	tile	pal
8	0	0	2
24	0	2	2
40	0	4	2
56	0	6	2
72	0	8	2
88	0	10	2
104	0	12	0
120	0	14	0
8	16	32	2
24	16	34	2
40	16	36	2
56	16	38	2
72	16	40	2
88	16	42	2
104	16	44	0
120	16	46	0
8	32	64	2
24	32	66	2
40	32	68	2
56	32	70	2
72	32	72	2
88	32	74	2
104	32	76	2
120	32	78	2
8	48	96	2
24	48	98	2
40	48	100	2
56	48	102	2
72	48	104	2
88	48	106	2
104	48	108	2
120	48	110	2
136	48	128	2
152	48	130	2
168	48	132	2
184	48	134	2
200	48	136	2
216	48	138	2
232	48	140	2
248	48	142	2
8	64	160	2
24	64	162	2
40	64	164	2
56	64	166	2
72	64	168	2
88	64	170	2
104	64	172	2
120	64	174	2
136	64	192	2
152	64	194	2
168	64	196	2
184	64	198	2
200	64	200	2
216	64	202	2
232	64	204	2
248	64	206	2
8	80	224	2
24	80	226	2
40	80	228	2
56	80	230	2
72	80	232	2
88	80	234	2
104	80	236	2
120	80	238	2
136	80	256	2
152	80	258	2
168	80	260	2
184	80	262	2
200	80	264	2
216	80	266	2
232	80	268	2
248	80	270	2
8	96	288	2
24	96	290	2
40	96	292	2
56	96	294	2
72	96	296	2
88	96	298	2
104	96	300	2
120	96	302	2
136	96	320	2
152	96	322	2
168	96	324	2
184	96	326	2
200	96	328	2
216	96	330	2
232	96	332	2
248	96	334	2
8	112	352	2
24	112	354	2
40	112	356	2
56	112	358	2
72	112	360	2
88	112	362	2
104	112	364	2
120	112	366	2
136	112	384	2
152	112	386	2
168	112	388	2
184	112	390	2
200	112	392	2
216	112	394	2
232	112	396	2
248	112	398	2
# palette (BGR555) index 0..15
# 4a52 0171 1866 000e 2178 52de 24ff 1207 2a2a 7dce 7d4a 7ce7 6739 4631 0000 7fff
