# In-game BG3 glyph sheet (VRAM $6000, assets #106 @$6000 + #101 @$6800). tile	char	shape (16=16x16, 8=8x16)
000	ダ	16
002	符	16
004	翻	16
006	点	16
008	門	16
00A	前	16
00C	清	16
00E	自	16
020	摸	16
022	和	16
024	立	16
026	直	16
028	発	16
02A	平	16
02C	盃	16
02E	口	16
040	断	16
042	么	16
044	槍	16
046	槓	16
048	海	16
04A	底	16
04C	撈	16
04E	月	16
060	河	16
062	魚	16
064	嶺	16
066	上	16
068	開	16
06A	花	16
06C	ド	16
06E	ラ	16
080	役	16
082	ブ	16
084	混	16
086	全	16
088	帯	16
08A	色	16
08C	同	16
08E	順	16
0A0	刻	16
0A2	気	16
0A4	通	16
0A6	貫	16
0A8	小	16
0AA	元	16
0AC	暗	16
0AE	子	16
0C0	対	16
0C2	々	16
0C4	老	16
0C6	頭	16
0C8	純	16
0CA	人	16
0CC	喜	16
0CE	大	16
0E0	緑	16
0E2	字	16
0E4	国	16
0E6	士	16
0E8	無	16
0EA	双	16
0EC	蓮	16
0EE	宝	16
100	▒	16
102	ポ	16
104	ン	16
106	チ	16
108	ー	16
10A	カ	16
10C	ロ	16
10E	リ	16
120	ツ	16
122	モ	16
124	残	16
126	り	16
128	牌	16
12A	燈	16
12C	天	16
12E	地	16
140	連	16
142	荘	16
144	親	16
146	満	16
148	跳	16
14A	倍	16
14C	東	16
14E	南	16
160	西	16
162	北	16
164	場	16
166	家	16
168	一	16
16A	二	16
16C	三	16
16E	四	16
180	五	16
182	六	16
184	七	16
186	八	16
188	九	16
18A	十	16
18C	〕	16
1A0	0	8
1A1	1	8
1A2	2	8
1A3	3	8
1A4	4	8
1A5	5	8
1A6	6	8
1A7	7	8
1A8	8	8
1A9	9	8
1AA	+	8
1AB	-	8
1AC	局	16
1AE	鳥	16
1C0	{icon1}	16
1C2	{icon2}	16
1C4	{東}	16
1C6	{南}	16
1C8	{西}	16
1CA	{北}	16
